genres,title_year,imdb_score,plot_keywords,language,movie_title,director_name,actor_1_name,actor_2_name,actor_3_name
"Fantasy, Action, Thriller, Science Fiction",2016,5.8,"martial arts, sword, vampire, hybrid, ambition, sequel, betrayal, conspiracy, werewolf, gothic, uzi, dark fantasy, woman director, urban gothic, assertive, ominous",English,Underworld: Blood Wars,Anna Foerster,Kate Beckinsale,Theo James,Lara Pulver
"Thriller, Crime",2017,4.0,"sibling relationship, kidnapping, mobster",English,Arsenal,Steven C. Miller,Adrian Grenier,John Cusack,Nicolas Cage
Drama,2012,4.7,"new york city, marriage, success, conversation, love, reunion, anger, couple, resentment",English,Between Us,Rafael Palacio Illingworth,Olivia Thirlby,Ben Feldman,Adam Goldberg
"Action, Comedy, Science Fiction",2016,5.7,"small town, monster, pickup truck, live action and animation, monster truck",English,Monster Trucks,Chris Wedge,Lucas Till,Jane Levy,Barry Pepper
"Horror, Thriller",2017,4.3,"wisconsin, supernatural, urban legend, hooded figure, woman director, young adult, college student",English,The Bye Bye Man,Stacy Title,Douglas Smith,Michael Trucco,Lucien Laviscount
Drama,2017,6.0,"architect, raft",English,The Book of Love,Bill Purple,Jason Sudeikis,Jessica Biel,Maisie Williams
"Horror, Thriller",2017,7.3,"child abuse, philadelphia, pennsylvania, kidnapping, gore, sequel, stalking, teenage girl, super power, mental illness, split personality, multiple personality, traumatic childhood, dissociative identity disorder, defiant",English,Split,M. Night Shyamalan,James McAvoy,Anya Taylor-Joy,Betty Buckley
"Action, Adventure, Crime",2017,5.2,"airplane, tattoo, spy, extreme sports, parachute, secret agent, swimming pool, sequel, back from the dead, dominican republic, frantic, free fall, intense, amused",English,XXX: Return of Xander Cage,D. J. Caruso,Vin Diesel,Donnie Yen,Deepika Padukone
"Comedy, Drama",2017,6.3,"community service, child star, community spirit, passion play, megachurch, christian faith, independent film, washed up, self-redemption",English,The Resurrection of Gavin Stone,Dallas Jenkins,Brett Dalton,Anjelah Johnson,Neil Flynn
"Action, Crime, Drama",2016,5.8,"parent child relationship, gangster, poacher, family, crime family",English,Trespass Against Us,Adam Smith,Michael Fassbender,Brendan Gleeson,Lyndsey Marshal
Drama,2016,6.6,"based on novel or book, world war ii, south carolina, interracial relationship, woman director, 1940s",English,Sophie and the Rising Sun,Maggie Greenwald,Julianne Nicholson,Takashi Yamaguchi,Margo Martindale
"Adventure, Comedy, Fantasy, Family, Drama",2017,7.3,"based on novel or book, human animal relationship, reincarnation, dog, pets",English,A Dog's Purpose,Lasse Hallström,Britt Robertson,KJ Apa,John Ortiz
"Action, Horror, Science Fiction",2016,5.5,"helicopter, monster, underground, dystopia, mutant, post-apocalyptic future, sequel, end of the world, female soldier, zombie, armageddon, based on video game, heroine",English,Resident Evil: The Final Chapter,Paul W. S. Anderson,Milla Jovovich,Iain Glen,Ali Larter
"Adventure, Drama, Romance",2017,5.1,"italy, florence, italy, football (soccer)",English,Lost in Florence,Evan Oppenheimer,Brett Dalton,Alessandra Mastronardi,Alessandro Preziosi
Drama,2015,5.6,"homophobia, minister, biography, church, preacher",English,I Am Michael,Justin Kelly,James Franco,Zachary Quinto,Emma Roberts
"Action, Science Fiction",2017,5.9,"based on novel or book, revenge, brain injury, based on young adult novel",English,iBoy,Adam Randall,Bill Milner,Maisie Williams,Jordan Bolger
Horror,2017,4.5,"investigation, supernatural, hallucination, sequel, curse, vhs, death, maggot, seven days, video tape, suspenseful, baffled",English,Rings,F. Javier Gutiérrez,Matilda Lutz,Alex Roe,Johnny Galecki
Science Fiction,2015,6.7,"dystopia, human animal relationship, gas mask, sea creature, merman, short film",English,The Space Between Us,Peter Chelsom,Gary Oldman,Asa Butterfield,Carla Gugino
"Comedy, Drama",2017,5.8,"road trip, oregon, usa, cross country, reason for living, euthanized",English,Youth in Oregon,Joel David Moore,Frank Langella,Billy Crudup,Christina Applegate
"Animation, Action, Comedy, Family",2017,7.3,"superhero, based on comic, based on toy, spin off, super power, lego, sarcastic, sardonic, wry",English,The Lego Batman Movie,Chris McKay,Will Arnett,Zach Galifianakis,Michael Cera
"Action, Thriller, Crime",2017,7.4,"martial arts, assassin, hitman, italy, roof, secret organization, sequel, revenge, shootout, handshake, neo-noir, guns, dark, dogs, cliché, roof-top",English,John Wick: Chapter 2,Chad Stahelski,Keanu Reeves,Common,Laurence Fishburne
"Drama, Romance",2017,4.6,"based on novel or book, boat, eroticism, kiss, sequel, bdsm, dreary",English,Fifty Shades Darker,James Foley,Dakota Johnson,Jamie Dornan,Eric Johnson
"Horror, Mystery, Thriller",2016,4.5,"exorcism, haunted house, possession, symbol, secluded cabin",English,Bornless Ones,Alexander Babaev,Margaret Judson,Devin Goodsell,Michael Johnston
"Action, Adventure, Fantasy",2016,5.9,"monster, china, archer, female soldier, historical fiction, explosion, period drama, british soldier, great wall of china, 15th century, female general, war, appreciative, bold",English,The Great Wall,Zhang Yimou,Matt Damon,Jing Tian,Pedro Pascal
"Horror, Mystery, Science Fiction",2017,6.4,"darkness, therapist, switzerland, mountain, wellness, employee, health, patient, spa, drugs, remote, swiss alps, treatment, cure, accident, wellness center, institute, incertitude, bitter, derogatory, frustrated",English,A Cure for Wellness,Gore Verbinski,Dane DeHaan,Jason Isaacs,Mia Goth
Comedy,2017,5.6,"high school, high school teacher",English,Fist Fight,Richie Keen,Ice Cube,Charlie Day,Tracy Morgan
"Drama, Thriller",2017,5.8,"fairy tale, farmer, woman director, 1980s, silo, american midwest",English,American Fable,Anne Hamilton,Peyton Kennedy,Richard Schiff,Kip Pardue
Drama,2007,3.6,"gay erotica, gay theme",English,XX,Jovanka Vuckovic,Natalie Brown,Melanie Lynskey,Breeda Wool
"Mystery, Thriller, Horror",2017,7.8,"kidnapping, externally controlled action, manipulation, dark comedy, hypnosis, parents-in-law, satire, racist, revenge, interracial relationship, disappearance, racism, psychological thriller, biting, blunt, neurosurgeon, missing person, stereotype, brain surgery, satirical, race-conscious, dreary",English,Get Out,Jordan Peele,Daniel Kaluuya,Allison Williams,Bradley Whitford
"Animation, Adventure, Comedy, Family, Music",2016,6.0,"naivety, rock 'n' roll, guitar, musician, village, anthropomorphism, dog, mastiff",English,Rock Dog,Ash Brannon,Luke Wilson,J. K. Simmons,Eddie Izzard
"Thriller, Drama, Crime, Comedy",2017,6.9,"snake, police, kidnapping, dark comedy, gore, vomit, thief, vigilante, dog, laptop, rowboat, degenerate, burglarized",English,I Don't Feel at Home in This World Anymore,Macon Blair,Melanie Lynskey,Elijah Wood,David Yow
"Drama, Family",2017,6.3,"based on novel or book, loss of loved one, christianity, guilt, death of daughter, family trip, christian film, christian, hopeful, straightforward",English,The Shack,Stuart Hazeldine,Sam Worthington,Octavia Spencer,Aviv Alush
"Drama, Fantasy",2017,6.4,"based on novel or book, time loop, female protagonist, mumblecore, teen drama, based on young adult novel",English,Before I Fall,Ry Russo-Young,Zoey Deutch,Halston Sage,Logan Miller
"Comedy, Drama",2017,5.8,"wedding reception, misfit, wedding, rebound, dumped by boyfriend",English,Table 19,Jeffrey Blitz,Anna Kendrick,Craig Robinson,June Squibb
"Comedy, Drama",2017,6.6,"friendship, suicide attempt, vandalism, road trip, advertising executive, obituary, radio dj, obituary writer, essay writer",English,The Last Word,Mark Pellington,Shirley MacLaine,Amanda Seyfried,AnnJewel Lee Dixon
"Comedy, Drama",2016,5.9,"fight, rivalry, girl fight",English,Catfight,Onur Tukel,Sandra Oh,Anne Heche,Alicia Silverstone
"Drama, Comedy",2017,6.6,"loss of loved one, hometown, childhood friends, journey, favor",English,Donald Cried,Kristopher Avedisian,Kristopher Avedisian,Jesse Wakeman,Louisa Krause
"Action, Adventure, Fantasy",2017,6.7,"vietnam veteran, island, monster, 1970s, expedition, giant monster, giant spider, creature, spin off, u.s. soldier, giant animal, kaiju, aftercreditsstinger, giant ape, monster island, water buffalo, uncharted, king kong",English,Kong: Skull Island,Jordan Vogt-Roberts,Tom Hiddleston,Samuel L. Jackson,John Goodman
Drama,2017,6.0,university,English,Burning Sands,Gerard McMurray,Trevor Jackson,Alfre Woodard,Steve Harris
"Fantasy, Drama, Romance",2010,3.1,"witch, sword, forest",English,Beauty and the Beast,Bill Condon,Emma Watson,Dan Stevens,Luke Evans
"Horror, Thriller",2016,6.2,"experiment, office, dark comedy, murder, american, death, security guard, survival horror, locked in, elevator, deadly game, psychological horror",English,The Belko Experiment,Greg McLean,John Gallagher Jr.,Tony Goldwyn,Adria Arjona
"Romance, Drama, Music",2017,5.6,"love triangle, musician, record producer, sexual attraction, austin, texas, sexual experimentation, love story, philosophy of mind",English,Song to Song,Terrence Malick,Michael Fassbender,Ryan Gosling,Rooney Mara
"Science Fiction, Thriller",2017,4.2,"future, nuclear power plant, desert, nuclear, mockbuster, offline, safety inspector",English,Atomica,Dagen Merrill,Dominic Monaghan,Tom Sizemore,Sarah Habel
"Comedy, Drama",2017,5.8,"daughter, workaholic, ex-boyfriend, banjo, search, father-in-law, hollywood",English,All Nighter,Gavin Wiesen,J. K. Simmons,Emile Hirsch,Taran Killam
"Horror, Thriller, Drama",2016,6.4,"fire, gun, texas, child murder, painting, artist, possession, heavy metal, satan, murder, serial killer, devil, house fire, demonic possession, gunman, child kidnapping, father daughter relationship, satanic, rural texas, electric guitar",English,The Devil's Candy,Sean Byrne,Ethan Embry,Shiri Appleby,Kiara Glasco
"Action, Adventure, Science Fiction",2017,5.9,"spacecraft, autism, affectation, bullying, super power, superhero team, lgbt, reboot, female villain, ethnic diversity, based on tv series, celebratory, comforting",English,Power Rangers,Dean Israelite,Dacre Montgomery,Naomi Scott,RJ Cyler
"Action, Comedy, Crime",2017,6.0,"police, police corruption, los angeles, california, buddy cop",English,CHiPs,Dax Shepard,Dax Shepard,Michael Peña,Rosa Salazar
"Comedy, Drama",2017,5.8,"daughter, naivety, oddball, father, based on comic, misfit, dog, divorcee, based on graphic novel, ex-wife, estranged wife, laughter, mild mannered",English,Wilson,Craig Johnson,Woody Harrelson,Laura Dern,Isabella Amara
"Action, Animation, Science Fiction",1995,7.9,"android, man vs machine, artificial intelligence (a.i.), computer virus, cyborg, dystopia, implantat, fugitive, female protagonist, cyberpunk, based on manga, adult animation, tech noir, anime",Japanese,Ghost in the Shell,Rupert Sanders,Scarlett Johansson,Takeshi Kitano,Michael Pitt
"Animation, Family, Adventure",2022,5.3,"holiday, santa claus, christmas",English,The Boss Baby,Tom McGrath,Alec Baldwin,Steve Buscemi,Jimmy Kimmel
"Drama, History, War",2017,7.0,"nazi, holocaust (shoah), world war ii, biography, zookeeper, biting",English,The Zookeeper's Wife,Niki Caro,Jessica Chastain,Johan Heldenbergh,Daniel Brühl
"Horror, Mystery",2017,5.9,"winter, boarding school, exorcism, possession, murder, loneliness, decapitation, priest, new york state, boiler room, furnace, phone call, good samaritan, demonic, girls' school",English,The Blackcoat's Daughter,Oz Perkins,Emma Roberts,Kiernan Shipka,Lucy Boynton
"Drama, Romance, Science Fiction, Thriller, Mystery",2017,6.2,"suicide, alternative reality, life after death",English,The Discovery,Charlie McDowell,Jason Segel,Rooney Mara,Jesse Plemons
"Comedy, Drama",2017,6.7,"new york city, genius, dating, woman director",English,Carrie Pilby,Susan Johnson,Bel Powley,Vanessa Bayer,Colin O'Donoghue
Drama,2017,6.3,"based on novel or book, court case, christianity, based on true story, trial, atheist, religion, christian film",English,The Case for Christ,Jon Gunn,Mike Vogel,Erika Christensen,Frankie Faison
"Family, Comedy, Adventure, Animation",2017,6.0,reboot,English,Smurfs: The Lost Village,Kelly Asbury,Demi Lovato,Rainn Wilson,Joe Manganiello
"Crime, Comedy",2017,6.6,"retiree, old man, bank robbery, retired, elderly, bank heist",English,Going in Style,Zach Braff,Morgan Freeman,Michael Caine,Alan Arkin
"Drama, Fantasy, Science Fiction",2017,6.2,"new york city, small town, monster, mental breakdown, creature, loss of job, alcoholic, psychotic, childhood friends, kaiju, catastrophe, angry, aggressive, seoul, south korea, antagonistic, callous, disgusted, mean spirited",English,Colossal,Nacho Vigalondo,Anne Hathaway,Jason Sudeikis,Dan Stevens
"Drama, Comedy",2017,7.6,"cat, mathematics, intellectually gifted, child prodigy, teacher, school, prize, child custody, legal drama, gifted children, custody hearing",English,Gifted,Marc Webb,Chris Evans,Mckenna Grace,Lindsay Duncan
"Action, Crime, Thriller",2017,6.6,"new york city, submarine, rescue mission, sequel, street race, betrayal, criminal mastermind, mysterious woman",English,The Fate of the Furious,F. Gary Gray,Vin Diesel,Dwayne Johnson,Jason Statham
"Adventure, Animation, Comedy, Family, Science Fiction",2016,4.4,"black hole, anthropomorphism, space, planet, monkey, animals, space monster",English,Spark: A Space Tail,Aaron Woodley,Jace Norman,Jessica Biel,Susan Sarandon
"Adventure, Drama, History",2017,6.6,"based on novel or book, snake, world war i, river, expedition, lost civilisation, tribe, biography, amazon rainforest, colonel, jungle, south america, explorer, journey, 1920s, mysterious lands",English,The Lost City of Z,James Gray,Charlie Hunnam,Robert Pattinson,Sienna Miller
"Animation, Comedy, Drama, Action, Thriller",2016,6.1,"high school, earthquake, disaster, adult animation",English,My Entire High School Sinking into the Sea,Dash Shaw,Jason Schwartzman,Reggie Watts,Maya Rudolph
Comedy,2017,5.4,"school, playful, relaxed, lighthearted, casual, whimsical, farcical, sarcastic",English,The Outcasts,Peter Hutchings,Victoria Justice,Eden Sher,Ashley Rickards
"History, Romance, Drama",2016,6.1,"journalist, love triangle, artist, genocide, armenian genocide, medical student, ottoman empire",English,The Promise,Terry George,Oscar Isaac,Charlotte Le Bon,Christian Bale
"Drama, TV Movie",2017,6.4,"medical research, medical drama",English,The Immortal Life of Henrietta Lacks,George C. Wolfe,Oprah Winfrey,Rose Byrne,Renée Elise Goldsberry
Thriller,2002,5.1,"high school, cheating, clique, preparatory school, elitism",English,The Circle,James Ponsoldt,Emma Watson,Tom Hanks,John Boyega
Comedy,2017,6.0,"widow, lover, ladies' man, birthday party, aging, single mother, marriage for money, uncle nephew relationship, boy toy, estranged sister, acapulco, mexico, bel air, dumped, brother sister relationship, cats, latin, moving in with sibling, sugar mama, meaning of family, man candy",English,How to Be a Latin Lover,Ken Marino,Eugenio Derbez,Salma Hayek,Raphael Alejandro
"Drama, Thriller, Action, Science Fiction",2016,5.9,"drug dealer, mother, magic, kidnapping, sister, los angeles, california, dead mother, death",English,Sleight,J. D. Dillard,Jacob Latimore,Seychelle Gabriel,Sasheer Zamata
"Mystery, Thriller, Drama, Romance",2017,5.2,"italy, playing piano, sculptor, quarry, old mansion, 1950s, father son relationship",English,Voice from the Stone,Eric Dennis Howell,Emilia Clarke,Marton Csokas,Edward George Dring
"Science Fiction, Adventure, Action",2017,7.6,"superhero, based on comic, sequel, misfit, space, aftercreditsstinger, duringcreditsstinger, marvel cinematic universe (mcu), egotistical",English,Guardians of the Galaxy Vol. 2,James Gunn,Chris Pratt,Zoe Saldaña,Dave Bautista
"Comedy, Drama",2016,6.0,"single mother, gender roles, lgbt, woman director, gender transition",English,3 Generations,Gaby Dellal,Naomi Watts,Elle Fanning,Susan Sarandon
"Action, Drama, Fantasy",2017,6.7,"knight, king arthur, excalibur, sword and sorcery",English,King Arthur: Legend of the Sword,Guy Ritchie,Charlie Hunnam,Àstrid Bergès-Frisbey,Djimon Hounsou
"Action, Comedy",2017,4.7,"ransom, parent child relationship, kidnapping, tourist, vacation, ecuador",English,Snatched,Jonathan Levine,Amy Schumer,Goldie Hawn,Joan Cusack
"Drama, Action, Crime",2017,5.7,"brother, artist, street artist, east los angeles, los angeles, california, ex-con, lowrider, car culture",English,Lowriders,Ricardo de Montreuil,Demián Bichir,Gabriel Chavarria,Theo Rossi
"Comedy, Drama, Romance",2016,5.8,"france, paris, france, love, travel, husband, woman director",English,Paris Can Wait,Eleanor Coppola,Diane Lane,Arnaud Viard,Alec Baldwin
"Horror, Science Fiction, Thriller",2017,6.4,"android, spacecraft, experiment, space travel, infection, engineer, alien life-form, sequel, alien, space, creature, robot, scientist, genocide, creation, paranoid, acid, alien technology, genetic mutation, suspenseful, tense",English,Alien: Covenant,Ridley Scott,Michael Fassbender,Katherine Waterston,Billy Crudup
"Comedy, Family, Adventure",2017,4.3,"road trip, based on children's book, family, disrespectful, dubious",English,Diary of a Wimpy Kid: The Long Haul,David Bowers,Jason Drucker,Alicia Silverstone,Tom Everett Scott
Comedy,2019,5.4,"funeral, loss of loved one, woman director, sister sister relationship",Spanish,"Everything, Everything",Stella Meghie,Amandla Stenberg,Nick Robinson,Ana de la Reguera
Drama,2017,6.3,"melancholy, nervous breakdown, attic, woman director, paranoid, cautionary, ambiguous, amused, sardonic, wry",English,Wakefield,Robin Swicord,Bryan Cranston,Jennifer Garner,Beverly D'Angelo
"Crime, Drama, History, Thriller, TV Movie",2017,6.8,"based on novel or book, wall street, biography, based on true story, scam, ponzi scheme, madoff, defraud",English,The Wizard of Lies,Barry Levinson,Robert De Niro,Michelle Pfeiffer,Alessandro Nivola
"Comedy, Action, Crime",2017,5.5,"drug dealer, sea, beach, yacht, life-saver, lifeguard, rookie, vigilantism",English,Baywatch,Seth Gordon,Dwayne Johnson,Zac Efron,Alexandra Daddario
"Adventure, Action, Fantasy",2017,6.5,"sea, ship, treasure map, sequel, artifact, pirate, period drama, monkey, swashbuckler, ghost, caribbean sea, aftercreditsstinger, trident, ridiculous",English,Pirates of the Caribbean: Dead Men Tell No Tales,Joachim Rønning,Johnny Depp,Javier Bardem,Geoffrey Rush
"Documentary, Music",2017,7.0,music documentary,English,Buena Vista Social Club: Adios,Lucy Walker,Omara Portuondo,"Jesus ""Aguaje"" Ramos","Manuel ""Guajiro"" Mirabal"
"Comedy, Drama, War",2017,6.0,"journalist, based on novel or book, afghanistan, us army, historical fiction, exposé, satirical, u.s. general, born leader, charismatic, nato forces",English,War Machine,David Michôd,Brad Pitt,Anthony Michael Hall,Anthony Hayes
"Action, Adventure, Fantasy",2017,7.3,"island, hero, strong woman, world war i, empowerment, superhero, feminism, greek mythology, based on comic, female protagonist, period drama, super power, heroine, woman director, female empowerment, 1910s, dc extended universe (dceu)",English,Wonder Woman,Patty Jenkins,Gal Gadot,Chris Pine,Robin Wright
"Family, Comedy, Adventure, Animation",2017,6.2,"friendship, based on novel or book, superhero, underwear, villain, comic book, school, principal, based on children's book, grade school, sock puppet, suspenseful, excited, vibrant",English,Captain Underpants: The First Epic Movie,David Soren,Kevin Hart,Ed Helms,Thomas Middleditch
"Adventure, Action, Fantasy",1999,7.1,"egypt, cairo, library, secret passage, pastor, pyramid, sandstorm, solar eclipse, mummy, foreign legion, nile, secret society, treasure hunt, remake, archaeologist, tomb, book of the dead, ancient egypt, opposites attract, 1920s, pharoah, good versus evil",English,The Mummy,Alex Kurtzman,Tom Cruise,Annabelle Wallis,Sofia Boutella
"Drama, Horror, Mystery",2017,6.1,"fire, nightmare, nihilism, darkness, homicide, door, paranoia, post-apocalyptic future, forest, fear, dog, madness, pandemic, infected, cremation, hopelessness, malevolence, suspenseful",English,It Comes at Night,Trey Edward Shults,Joel Edgerton,Christopher Abbott,Carmen Ejogo
"Drama, Romance",2017,6.0,"based on novel or book, cliff, suspicion, cornwall, england, love, remake, jewels",English,My Cousin Rachel,Roger Michell,Rachel Weisz,Sam Claflin,Iain Glen
"Drama, War",2017,7.1,"human animal relationship, biography, iraq war veteran, female soldier, iraq war, dog, animals, german shepherd, u.s. marine, purple heart, woman director, war dog, pets, wistful, adoring, appreciative, compassionate, informative",English,Megan Leavey,Gabriela Cowperthwaite,Kate Mara,Ramón Rodríguez,Tom Felton
"Comedy, Drama",2017,6.0,"class, dark comedy, billionaire, race",English,Beatriz at Dinner,Miguel Arteta,Salma Hayek,John Lithgow,Connie Britton
"Family, Comedy, Adventure, Animation",2017,6.7,"sports, trainer, villain, sequel, anthropomorphism, travel, racing, high tech, aftercreditsstinger",English,Cars 3,Brian Fee,Owen Wilson,Cristela Alonzo,Chris Cooper
"Drama, Comedy",2017,5.2,"friendship, miami, florida, dark comedy, female friendship, friends, drugs, drinking, male stripper, fiancé fiancée relationship, aftercreditsstinger, duringcreditsstinger, political candidate, accident, college friends, bachelorette party, comedy of errors",English,Rough Night,Lucia Aniello,Scarlett Johansson,Kate McKinnon,Jillian Bell
"History, Drama, Music",2017,5.9,"rapper, biography",English,All Eyez on Me,Benny Boom,Demetrius Shipp Jr.,Kat Graham,Lauren Cohan
"Drama, Crime, Thriller",2017,6.6,"child abuse, suicide, parent child relationship, cancer, single mother, boy genius, child custody, seizure, child protective services",English,The Book of Henry,Colin Trevorrow,Naomi Watts,Jaeden Lieberher,Jacob Tremblay
"Action, Comedy, Thriller, Mystery",2017,5.3,"cop, thief, private investigator, gang, los angeles, california, dog, ambivalent, indifferent",English,Once Upon a Time in Venice,Mark Cullen,Bruce Willis,Jason Momoa,John Goodman
"Action, Adventure, Science Fiction",2017,5.2,"england, chosen one, based on toy, knight, planet, robot, duringcreditsstinger, planet earth, arthurian mythology, secret history",English,Transformers: The Last Knight,Michael Bay,Mark Wahlberg,Josh Duhamel,Stanley Tucci
Drama,2017,6.3,"based on novel or book, remake, sexual tension, period drama, union soldier, virginia, american civil war, woman director, confederacy, 19th century, girls' school",English,The Beguiled,Sofia Coppola,Colin Farrell,Nicole Kidman,Kirsten Dunst
"Comedy, Drama, Romance",2017,7.5,"chicago, illinois, new york city, immigrant, muslim, roommates, sadness, sarcasm, comedian, based on true story, one-man show, pakistan, family relationships, film in film, matchmaking, cultural difference, hospital, falling in love, family, illness, group of friends, intercultural relationship, aftercreditsstinger, college student, uber, traditional family, comedy club, stand-up comedian, grad school",English,The Big Sick,Michael Showalter,Kumail Nanjiani,Zoe Kazan,Holly Hunter
"Horror, Science Fiction, Thriller",2017,5.2,"amputation, kidnapping, dystopia, post-apocalyptic future, exile, drug use, cannibal, cult leader, woman director",English,The Bad Batch,Ana Lily Amirpour,Suki Waterhouse,Jason Momoa,Giovanni Ribisi
"Action, Crime",2017,7.5,"robbery, waitress, atlanta, crime boss, romance, heist, getaway car, on the run, shootout, bank robbery, getaway driver, sign languages, armed robbery, aggressive, hearing impaired, joyful, urgent",English,Baby Driver,Edgar Wright,Ansel Elgort,Kevin Spacey,Lily James
"Adventure, Drama, Science Fiction",2017,7.3,"new york city, monster, slaughterhouse, east asian lead, twins, environmentalist, aftercreditsstinger, animal liberation, live action and animation, zoologist, korean, meat industry, seoul, south korea",English,Okja,Bong Joon-ho,Tilda Swinton,Paul Dano,Ahn Seo-hyun
"Action, Animation, Comedy, Family, Adventure",2017,6.3,"prison, villain, twin brother, sequel, jail, illumination",English,Despicable Me 3,Pierre Coffin,Steve Carell,Kristen Wiig,Trey Parker
Comedy,2017,5.8,"based on novel or book, middle ages (476-1453), convent (nunnery), nunhood, 14th century, anachronistic, medieval italy, lighthearted, whimsical, complicated",English,The Little Hours,Jeff Baena,Alison Brie,Dave Franco,Kate Micucci
"Science Fiction, Mystery, Thriller, Romance",2017,5.7,"new york city, deja vu, airport, birthday, routine, ex-girlfriend, artist, jfk international airport, premonition, co-workers relationship, new york subway, grand central station, unusual phenomena, star crossed lovers, biking, strange, air traffic controller, pattern",English,2:22,Paul Currie,Michiel Huisman,Teresa Palmer,Sam Reid
"Fantasy, Action, Comedy",1990,6.9,"escape, rebel, minister, uprising, imperial court, spirit, demon",cn,A Ghost Story,David Lowery,Casey Affleck,Rooney Mara,Will Oldham
"Action, Adventure, Science Fiction, Drama",2017,7.4,"high school, new york city, washington dc, usa, superhero, based on comic, reboot, aftercreditsstinger, duringcreditsstinger, marvel cinematic universe (mcu), enthusiastic",English,Spider-Man: Homecoming,Jon Watts,Tom Holland,Michael Keaton,Jon Favreau
"Comedy, TV Movie",2017,7.1,"doping, mockumentary, cycling",English,Tour de Pharmacy,Jake Szymanski,Andy Samberg,Orlando Bloom,Freddie Highmore
"Drama, Science Fiction, War",2017,7.4,"suicide, civil war, escape, winter, mutation, peace, solidarity, gorilla, intelligence, dystopia, horse, post-apocalyptic future, slavery, pacifism, imprisonment, colony, sequel, anthropomorphism, revenge, betrayal, mute, snow, torture, disease, ape, orangutan, death of family, death, evolution, chimpanzee, avalanche, albino, primate, sign languages, virus, underground tunnel, assassination attempt, enslavement, murder by gunshot, human becoming an animal, contagion, father son relationship, 2040s, guns, soldiers, avenging father, animal human friendship, war, cgi-live action hybrid, serious, violence against animals, explosions, war horse, survival of the fittest, cruel",English,War for the Planet of the Apes,Matt Reeves,Andy Serkis,Woody Harrelson,Steve Zahn
"Horror, Thriller, Fantasy",2017,5.1,"magic, wish fulfillment",English,Wish Upon,John Leonetti,Joey King,Ki Hong Lee,Sydney Park
"Drama, War",1958,7.1,"sacrifice, world war ii, evacuation, based on true story, survival, black and white, dunkirk",English,Dunkirk,Christopher Nolan,Fionn Whitehead,Tom Glynn-Carney,Jack Lowden
"Comedy, Romance, Adventure",2017,6.2,"concert, female friendship, hallucinogenic drug, festival, public urination, college friends, party, cheating husband, girls trip, raunchy",English,Girls Trip,Malcolm D. Lee,Regina Hall,Tiffany Haddish,Larenz Tate
"Action, Thriller, Crime",2017,5.0,"kidnapping, hostage, police chief, criminal, bank robbery",English,First Kill,Steven C. Miller,Hayden Christensen,Bruce Willis,Gethin Anthony
"Action, Adventure, Thriller",2017,6.7,"berlin, germany, undercover agent, undercover, germany, spy, cold war, stasi, bisexuality, vodka, kgb, europe, double agent, based on comic, murder, mi6, murder investigation, ddr",English,Atomic Blonde,David Leitch,Charlize Theron,James McAvoy,John Goodman
"Animation, Family, Comedy",2017,3.4,"villain, parody, 3d animation, emoji",English,The Emoji Movie,Tony Leondis,T.J. Miller,James Corden,Anna Faris
"Crime, Drama, Thriller, History",2017,7.3,"fire, police brutality, church choir, based on true story, beating, murder, racism, church, detroit, michigan, 1960s",English,Detroit,Kathryn Bigelow,John Boyega,Will Poulter,Algee Smith
"Comedy, Drama",2017,7.3,"bunker, friends, bear, abduction",English,Brigsby Bear,Dave McCary,Kyle Mooney,Claire Danes,Mark Hamill
Drama,2017,6.6,"parent child relationship, faith, single father, fatherhood",Yiddish,Menashe,Joshua Z Weinstein,Menashe Lustig,Ruben Niborski,Yoel Weisshaus
"Action, Thriller",2017,5.9,"strong woman, waitress, single parent, kidnapping, louisiana, custody battle, young boy, female protagonist, single mother, amusement park, child kidnapping, tunnel, determination, frantic, abduction, motorcycle cop, mother son relationship, intense, young son",English,Kidnap,Luis Prieto,Halle Berry,Sage Correa,Chris McGinn
Documentary,2017,7.0,"high school, dance, baltimore, usa, female protagonist, high school student, woman director",English,Step,Amanda Lipitz,Blessin Giraldo,Cori Grainger,Tayla Solomon
Horror,2017,6.5,"prequel, evil doll, demon, spin off, demonic possession, ghost, aftercreditsstinger, duringcreditsstinger, the conjuring universe",English,Annabelle: Creation,David F. Sandberg,Stephanie Sigman,Talitha Bateman,Lulu Wilson
Drama,2017,7.1,"dysfunctional family, based on memoir or autobiography, aggressive, complex, father daughter relationship, sentimental, complicated, familiar",English,The Glass Castle,Destin Daniel Cretton,Brie Larson,Woody Harrelson,Max Greenfield
"Animation, Family, Adventure, Comedy",2017,5.5,"squirrel, mayor, villain, anthropomorphism, animals, nut",English,The Nut Job 2: Nutty by Nature,Cal Brunker,Will Arnett,Maya Rudolph,Jackie Chan
"Crime, Thriller, Drama",2017,7.3,"prison, mentally disabled, new york city, brother, bank robber, wheelchair, on the run, hospital, drugs, foot chase, security guard, amusement park, one night, botched robbery, acid, dreary",English,Good Time,Safdie brothers,Robert Pattinson,Benny Safdie,Buddy Duress
"Comedy, Drama",2017,6.6,"california, suicide attempt, obsession, based on comic, obsessed fan, mental illness, social media, personality disorder, hashtag, dependent personality disorder, joshua tree",English,Ingrid Goes West,Matt Spicer,Aubrey Plaza,Elizabeth Olsen,Billy Magnussen
Drama,2017,6.4,"mistress, extramarital affair, manhattan, new york city",English,The Only Living Boy in New York,Marc Webb,Callum Turner,Kate Beckinsale,Pierce Brosnan
"Action, Comedy, Crime, Thriller",2017,6.9,"assassin, court, england, hitman, bodyguard, travel, on the run, criminal, killer, courtroom, opposites attract, buddy comedy, aftercreditsstinger, testify",English,The Hitman's Bodyguard,Patrick Hughes,Ryan Reynolds,Samuel L. Jackson,Gary Oldman
"Comedy, Crime, Action, Drama",2017,7.0,"sibling relationship, north carolina, cockroach, heist, race car driver, nascar, prison break",English,Logan Lucky,Steven Soderbergh,Channing Tatum,Adam Driver,Seth MacFarlane
"Music, Drama",2017,6.8,"rap music, new jersey, aspiring musician",English,Patti Cake$,Geremy Jasper,Danielle Macdonald,Bridget Everett,Mamoudou Athie
"Comedy, Horror",2017,5.5,"swamp, gore, sequel, murder, slasher, airplane crash, disturbed, shocking, absurd",English,Victor Crowley,Adam Green,Parry Shen,Laura Ortiz,Dave Sheridan
"Drama, Comedy",2017,6.3,"refugee, asia, pastor, based on true story, salesman, church, southeast asia",English,All Saints,Steve Gomer,John Corbett,Cara Buono,Myles Moore
"Drama, Romance",2017,6.4,"coming out, bisexuality, melancholy, family relationships, coney island, marijuana, male homosexuality, drugs, lgbt, lgbt teen, older man younger man relationship, sexual exploration, woman director, exploring sexuality, hookup, online hookup, gay theme, boys' love (bl), complicated, disheartening, empathetic, teen smoking",English,Beach Rats,Eliza Hittman,Harris Dickinson,Madeline Weinstein,Kate Hodge
"Action, Drama",2017,5.7,"kung fu, biography",English,Birth of the Dragon,George Nolfi,Philip Wan-lung Ng,Xia Yu,Jin Xing
"Romance, Drama",2017,6.7,"1970s, biography, liverpool, england, cancer, based on memoir or autobiography, older woman younger man relationship, fading star",English,Film Stars Don't Die in Liverpool,Paul McGuigan,Annette Bening,Jamie Bell,Vanessa Redgrave
"Drama, Romance",2017,6.2,"based on novel or book, netherlands, painter, period drama, tulips, portrait painting, 17th century",English,Tulip Fever,Justin Chadwick,Alicia Vikander,Dane DeHaan,Jack O'Connell
"Action, Thriller",2017,6.3,"london, england, central intelligence agency (cia), biohazard, agent, mi5, bio terrorism, terrorist threat",English,Unlocked,Michael Apted,Noomi Rapace,Orlando Bloom,Toni Collette
"Western, Crime, Thriller",2017,4.2,"neo-western, badlands, neo-noir",English,Valley of Bones,Dan Glaser,Autumn Reeser,Rhys Coiro,Steven Molony
Drama,2023,6.1,"diaspora, korean american, mother son relationship",English,Home Again,Hallie Meyers-Shyer,Reese Witherspoon,Nat Wolff,Jon Rudnitsky
"TV Movie, Drama, Fantasy",2006,6.4,"based on novel or book, angel, supernatural, fallen angel, orphan, nephilim, adoptive parent",English,Fallen,Scott Hicks,Addison Timlin,Jeremy Irvine,Harrison Gilbertson
"Action, Adventure, Thriller",2017,6.2,"based on novel or book, revenge, terrorism, hilarious",English,American Assassin,Michael Cuesta,Dylan O'Brien,Michael Keaton,Sanaa Lathan
"Comedy, Drama",2017,6.5,"regret, jealousy, musician, midlife crisis, boston, massachusetts, married couple, mentor, harvard university, dark comedy, orchestra, respect, family, high school student, envy, child's point of view, sacramento, pov (point of view), self reflection, needing money, college friends, rich family, perspective, revisited past, father son relationship, jealous of someone's success, privilege, college girls, imagination, rules and regulations, college admissions, possibilities, inner thoughts, college visit, non-profit organization, rich friends, glory days, worthlessness, tufts university, alma mater",English,Brad's Status,Mike White,Ben Stiller,Austin Abrams,Jenna Fischer
"Action, Adventure, Comedy, Crime",2017,6.7,"saving the world, spy, europe, sequel, secret government organization, agent, statesman, amused, excited",English,Kingsman: The Golden Circle,Matthew Vaughn,Colin Firth,Julianne Moore,Taron Egerton
"Family, Comedy, Adventure, Animation",2017,6.1,"high school, martial arts, secret identity, ninja, based on toy, fighting, lego, father son conflict, mechs, elemental powers",English,The Lego Ninjago Movie,Charlie Bean,Dave Franco,Michael Peña,Kumail Nanjiani
"Drama, Comedy, History",2017,6.7,"sports, tennis, 1970s, tennis player, biography, based on true story, femme fatale, female athlete, determination, women's rights, chauvinisim, tennis match, exhibition match, clinical, approving, assertive",English,Battle of the Sexes,Jonathan Dayton,Emma Stone,Steve Carell,Andrea Riseborough
"Documentary, Music",1985,5.5,music festival,English,Woodshock,Kate and Laura Mulleavy,Kirsten Dunst,Joe Cole,Pilou Asbæk
Horror,2017,3.9,"monster, sequel, truck, revenge, vision, prehistoric creature, supernatural creature, hunt, military, booby trap, generational, farming community, deadly creature, disembodied hand",English,Jeepers Creepers 3,Victor Salva,Stan Shaw,Meg Foster,Gabrielle Haugh
"Action, Comedy, Crime, Drama",2017,7.1,"central intelligence agency (cia), drug smuggling, money laundering, pilot, based on true story, drug cartel, illegal drugs, dea agent, 1980s, pablo escobar",English,American Made,Doug Liman,Tom Cruise,Domhnall Gleeson,Sarah Wright
"Drama, Horror, Thriller",2017,5.2,"bullying, remake, accidental death, death, medical student, guilty conscience, near-death experience, competitiveness, scientific experiment",English,Flatliners,Niels Arden Oplev,Elliot Page,Diego Luna,Nina Dobrev
"Drama, History, Thriller",2017,6.4,"usa president, 1970s, fbi, scandal, richard nixon, cover-up, usa politics",English,Mark Felt: The Man Who Brought Down the White House,Peter Landesman,Liam Neeson,Diane Lane,Marton Csokas
"Science Fiction, Drama",2017,8.0,"future, android, bounty hunter, artificial intelligence (a.i.), genetics, dystopia, sequel, cyberpunk, los angeles, california, las vegas, tech noir, meditative, human clone, blade runner, complex, 2040s, cautionary, audacious, compassionate",English,Blade Runner 2049,Denis Villeneuve,Ryan Gosling,Harrison Ford,Ana de Armas
"Drama, Adventure, Romance",2017,6.4,"based on novel or book, photographer, mountain, pilot, wilderness, survival, wildlife, snow, airplane crash, doctor, dog, struggle for survival, argument, freezing, stranger, injury, holiday season, american wilderness, hopelessness, valley, scenic, desolate wilderness, delayed flight, obstacles, romantic, exhilarated",English,The Mountain Between Us,Hany Abu-Assad,Idris Elba,Kate Winslet,Dermot Mulroney
"Family, Animation, Adventure, Fantasy",2017,6.1,"friendship, villain, pony, based on toy, journey, based on tv series",English,My Little Pony: The Movie,Jayson Thiessen,Uzo Aduba,Ashleigh Ball,Emily Blunt
Drama,2017,7.6,"florida, friendship, parent child relationship, drug addiction, innocence, motel, drug use, summer, single mother, social services, prostitute mother, children's perspectives, kids, orlando florida, generation z, lower class, peer relationship, mother daughter relationship, unfit mother, non-professional acting",English,The Florida Project,Sean Baker,Willem Dafoe,Brooklynn Prince,Bria Vinaite
"Action, Crime, Thriller",2017,7.1,"prison, fight, kidnapping, pregnancy, boxer, gore, prison warden, revenge, murder, doctor, interrogation, inmate, police shootout, aggressive, drug runner, crystal meth, crushed head, vindictive, maximum security prison, tense, baffled",English,Brawl in Cell Block 99,S. Craig Zahler,Vince Vaughn,Jennifer Carpenter,Don Johnson
Drama,2017,7.3,"court, interracial relationship, lawyer, 1940s, courtroom drama",English,Marshall,Reginald Hudlin,Chadwick Boseman,Josh Gad,Kate Hudson
"Action, Science Fiction, Mystery, Thriller",2024,4.3,"air supply, last human, uninhabitable, oxygen depletion",English,Breathe,Andy Serkis,Andrew Garfield,Claire Foy,Tom Hollander
"Drama, Romance",2017,6.2,"love, family drama, alcohol abuse, second chance, woodcarving",English,Carving a Life,Terry Ross,Tyler Bruhn,Karenssa LeGear,Aaron Landon Bornstein
"Drama, Romance",2017,7.0,"comic book, biography, polyamory, bdsm, censorship, freedom of expression",English,Professor Marston and the Wonder Women,Angela Robinson,Luke Evans,Rebecca Hall,Bella Heathcote
"Action, Science Fiction, Thriller",2017,5.4,"future, artificial intelligence (a.i.), weather manipulation, end of the world, murder, space, conspiracy, disaster, apocalypse, storm, space station, space shuttle, catastrophe, disaster movie, global threat, environmental disaster, overpopulated world",English,Geostorm,Dean Devlin,Gerard Butler,Jim Sturgess,Abbie Cornish
"Crime, Thriller, Mystery, Horror",2017,5.2,"based on novel or book, winter, gun, detective, cellar, snowman, serial killer, snow, cabin, twins, plastic surgeon, alcoholic, psychosis, oslo, norway, unfinished",English,The Snowman,Tomas Alfredson,Michael Fassbender,Rebecca Ferguson,Charlotte Gainsbourg
Comedy,2017,4.0,"halloween, sequel",English,Boo 2! A Madea Halloween,Tyler Perry,Tyler Perry,Cassi Davis,Patrice Lovely
Drama,2017,6.6,"friendship, homeless person, based on novel or book, marriage, based on true story, based on memoir or autobiography, art dealer",English,Same Kind of Different as Me,Michael Carney,Greg Kinnear,Renée Zellweger,Djimon Hounsou
Drama,2017,6.2,"new york city, based on novel or book, silent film",English,Wonderstruck,Todd Haynes,Oakes Fegley,Julianne Moore,Michelle Williams
"Drama, Mystery, Thriller",2017,4.4,"homeless person, hairdresser, car mechanic, playground, fable, accountant, hair salon, dark mysteries, nameless",English,The Playground,Edreace Purmul,Myles Cranford,Merrick McCartha,Shane P. Allen
"Drama, War",2017,6.6,"post-traumatic stress disorder (ptsd), based on novel or book, biography, soldier, military, war psychology",English,Thank You for Your Service,Jason Hall,Miles Teller,Haley Bennett,Joe Cole
"Thriller, Crime, Drama, Mystery",2017,5.8,dark comedy,English,Suburbicon,George Clooney,Matt Damon,Julianne Moore,Noah Jupe
"Mystery, Crime, Thriller, Drama",1962,7.2,"based on novel or book, police, detective, film noir, murder, brighton, england, british noir, procedure",English,Jigsaw,The Spierig Brothers,Matt Passmore,Callum Keith Rennie,Clé Bennett
Drama,2017,6.7,"sexual identity, nun, religious education, vatican (holy see), confession, coming of age, mother superior, monastery, roman catholic church, woman director, faith tested, abuse, 1960s, emotional abuse",English,Novitiate,Maggie Betts,Margaret Qualley,Julianne Nicholson,Dianna Agron
"Mystery, Thriller, Drama",2017,5.4,"husband wife relationship, barcelona, spain, married couple, bangkok, thailand, thailand, blonde, surgical operation, regaining sight, blind woman",English,All I See Is You,Marc Forster,Blake Lively,Jason Clarke,Ahna O'Reilly
Horror,2017,4.8,"haunted house, sequel, supernatural horror",English,Amityville: The Awakening,Franck Khalfoun,Jennifer Jason Leigh,Bella Thorne,Cameron Monaghan
Comedy,2017,5.6,"holiday, christmas",English,A Bad Moms Christmas,Scott Moore,Mila Kunis,Kristen Bell,Kathryn Hahn
"Action, Adventure, Science Fiction",2017,7.9,"superhero, based on comic, sequel, alien planet, female villain, norse mythology, aftercreditsstinger, duringcreditsstinger, marvel cinematic universe (mcu), norse god",English,Thor: Ragnarok,Taika Waititi,Chris Hemsworth,Tom Hiddleston,Cate Blanchett
"Drama, Comedy",2017,6.9,"vietnam war, vietnam veteran, loss of loved one, male friendship, disillusionment, iraq war, alcohol abuse, casket, military funeral, military memories, loss of son, u.s. marine corps, combat veteran, middle age",English,Last Flag Flying,Richard Linklater,Steve Carell,Bryan Cranston,Laurence Fishburne
"Drama, Comedy",2017,7.4,"friendship, loss of virginity, coming of age, teen angst, high school graduation, teenage girl, best friend, loss of job, high school student, catholic school, first love, semi autobiographical, sacramento, woman director, father daughter relationship, mother daughter relationship, college applications, 2000s",English,Lady Bird,Greta Gerwig,Saoirse Ronan,Laurie Metcalf,Tracy Letts
"Crime, Drama, Thriller, TV Movie",2001,5.1,"repayment, orient express, revenge, murder, train, murder hunt",English,Murder on the Orient Express,Kenneth Branagh,Tom Bateman,Kenneth Branagh,Penélope Cruz
Comedy,2017,6.0,"holiday, sequel, christmas, amused, cheerful",English,Daddy's Home 2,Sean Anders,Will Ferrell,Mark Wahlberg,Linda Cardellini
"Drama, History",2017,6.5,"usa president, the white house, civil rights, dallas texas, political assassination, u.s. congress, vice president, 1960s",English,LBJ,Rob Reiner,Woody Harrelson,Michael Stahl-David,Richard Jenkins
"Crime, Drama",2017,8.1,"small town, suicide, police brutality, rape, missouri, dark comedy, alcoholism, murder, arson, cancer, teenage girl, police corruption, racism, anger, billboard, guilty conscience, molotov cocktail, pool hall",English,"Three Billboards Outside Ebbing, Missouri",Martin McDonagh,Frances McDormand,Woody Harrelson,Sam Rockwell
"Action, Comedy, Horror",2017,6.4,"quarantine, police, s.w.a.t., scissors, office, cocaine, business consultant, outbreak, murder, zombie, drugs, fired from the job, virus",English,Mayhem,Joe Lynch,Steven Yeun,Samara Weaving,Steven Brand
"Action, Adventure, Science Fiction",2017,6.0,"superhero, based on comic, super power, superhero team, aftercreditsstinger, duringcreditsstinger, dc extended universe (dceu)",English,Justice League,Zack Snyder,Ben Affleck,Henry Cavill,Amy Adams
"Drama, Romance",1952,7.0,"has been, movie star, screen test, past prime",English,The Star,Timothy Reckart,Steven Yeun,Gina Rodriguez,Zachary Levi
"Family, Drama",2017,7.9,"exclusion, bullying, coney island, prejudice, school, based on children's book, family, physical disability, treacher collins syndrome, relaxed, melodramatic",English,Wonder,Stephen Chbosky,Julia Roberts,Owen Wilson,Jacob Tremblay
Comedy,2017,4.4,"comedian, interview, satire, mockumentary, behind the scenes, cooking competition",English,Cook Off!,Cathryn Michon,Cathryn Michon,Wendi McLendon-Covey,Melissa McCarthy
Comedy,2017,6.2,woman director,English,Mr. Roosevelt,Noël Wells,Noël Wells,Nick Thune,Britt Lower
"Drama, Crime, Thriller",2017,6.5,"briefcase, civil rights, murder, lawyer, los angeles, california, courtroom",English,"Roman J. Israel, Esq.",Dan Gilroy,Dan Gilroy (director/screenplay),Denzel Washington,Colin Farrell
"Family, Animation, Music, Adventure",2017,8.4,"skeleton, mexico, guitar, afterlife, musician, holiday, villain, singer, murderer, life after death, kids, day of the dead, music, boy",English,Coco,Lee Unkrich,Anthony Gonzalez,Gael García Bernal,Benjamin Bratt
"Romance, Drama",2017,7.8,"based on novel or book, upper class, italy, swimming pool, coming of age, love, breaking the fourth wall, summer, teenage boy, masturbation, first love, lgbt, jewish family, 1980s, peach, gay theme",English,Call Me by Your Name,Luca Guadagnino,Armie Hammer,Timothée Chalamet,Michael Stuhlbarg
"Comedy, Drama",2017,7.3,"immigrant, jealousy, based on novel or book, ambition, biography, based on true story, behind the scenes, disaster, hollywood, desire, aftercreditsstinger, duringcreditsstinger, wealthy man, strange behavior, strange person, socially awkward, film production",English,The Disaster Artist,James Franco,James Franco,Dave Franco,Seth Rogen
"Drama, Fantasy, Romance",2017,7.3,"government, fairy tale, cold war, supernatural, baltimore, usa, laboratory, orphan, bathtub, scientist, magic realism, capture, sign languages, 1960s, fishman, amphibious creature, dramatic, romantic",English,The Shape of Water,Guillermo del Toro,Sally Hawkins,Michael Shannon,Richard Jenkins
"Drama, Romance",2017,6.2,"housewife, coney island, lifeguard, ferris wheel, 1950s, coney island, new york city",English,Wonder Wheel,Woody Allen,Jim Belushi,Juno Temple,Justin Timberlake
"Drama, Comedy",2017,7.5,"sports, competition, olympic games, portland, oregon, biography, based on true story, rivalry, figure skating, domestic violence, poverty, overbearing mother, ice skating, 1990s, winter sport, abusive mother, emotional abuse, mother daughter relationship",English,"I, Tonya",Craig Gillespie,Margot Robbie,Sebastian Stan,Julianne Nicholson
"Adventure, Action, Science Fiction",2017,6.9,"bunker, space battle, defeat, failure, sequel, space opera, military operation, absurd, bitter",English,Star Wars: The Last Jedi,Rian Johnson,Mark Hamill,Carrie Fisher,Adam Driver
"Action, Science Fiction, Adventure",2017,5.3,"rescue, mind control, martial arts, self sacrifice, resistance, paranoia, invasion, sequel, alien, mixed martial arts (mma), survival, battlefield, father son relationship",English,Beyond Skyline,Liam O'Donnell,Frank Grillo,Bojana Novakovic,Jonny Weston
"Adventure, Comedy, Fantasy, Action, Family",2017,7.0,"video game, fighter, sequel, detention, explorer, based on movie, gaming, quest, cartographer, action hero, zoologist, based on young adult novel, trapped in a game, jumanji universe",English,Jumanji: Welcome to the Jungle,Jake Kasdan,Dwayne Johnson,Jack Black,Kevin Hart
Drama,2017,7.5,"adultery, circus, musical, biography, rags to riches, based on true story, outcast, singing, dreamer, freak show, absurd, amused, cliché, complicated",English,The Greatest Showman,Michael Gracey,Hugh Jackman,Zac Efron,Michelle Williams
"Comedy, Music",2017,5.8,"sequel, singer, acapella, uso, cliché",English,Pitch Perfect 3,Trish Sie,Anna Kendrick,Rebel Wilson,Hailee Steinfeld
"Drama, Science Fiction, Comedy",2017,5.8,"future, computer, therapist, married couple, shrinking, crowd, speculative, meditative, caucasian, thoughtful, reflective, pc, procedure, loving, inspirational, grand, provocative, direct, dramatic, sentimental, awestruck, bold, dignified, euphoric, exhilarated, hopeful, powerful",English,Downsizing,Alexander Payne,Matt Damon,Christoph Waltz,Hong Chau
Comedy,2017,5.5,"florida, new york city, hitchhiker, twins, entrepreneur, divorced man, estranged brother, search for father, father son relationship, mother son relationship, brother brother relationship, secret, proctologist, mother's wedding, worcester, massachusetts",English,Father Figures,Lawrence Sher,Owen Wilson,Ed Helms,J. K. Simmons
"Drama, History",2017,7.2,"vietnam war, newspaper, journalist, washington dc, usa, politics, 1970s, journalism, biography, based on true story, richard nixon, pentagon papers, government cover-up, publisher, political thriller",English,The Post,Steven Spielberg,Meryl Streep,Tom Hanks,Sarah Paulson
"Fantasy, Action, Thriller",2017,6.3,"police, orcs, elves, magic, fairy, los angeles, california",English,Bright,David Ayer,Will Smith,Joel Edgerton,Noomi Rapace
"Mystery, Crime, Thriller",2017,6.3,"based on novel or book, detective, murder, whodunit, murder mystery",English,Crooked House,Gilles Paquet-Brenner,Glenn Close,Terence Stamp,Max Irons
"Drama, Western, History, Adventure",2017,7.2,"captain, widow, montana, new mexico, chief, native american, assignment, grief, murder, gunfight, massacre, brutality, native american reservation, u.s. cavalry, 19th century, indigenous peoples, new mexico territory, 1890s, violence",English,Hostiles,Scott Cooper,Christian Bale,Rosamund Pike,Wes Studi
"Crime, History, Thriller",2017,6.8,"based on novel or book, rome, italy, kidnapping, 1970s, based on true story, wealth, ransom demand",English,All the Money in the World,Ridley Scott,Michelle Williams,Christopher Plummer,Mark Wahlberg
"Drama, Crime",2017,7.4,"new york city, court, poker, gambling, bratva (russian mafia), olympic games, fbi, biography, arrest, based on true story, celebrity, trial, beating, lawyer, female protagonist, los angeles, california, courtroom, ice skating, snow skiing, card playing, employer employee relationship, courtroom drama, cleavage, high stakes, mob, father daughter relationship, admiring",English,Molly's Game,Aaron Sorkin,Jessica Chastain,Idris Elba,Kevin Costner
"Drama, Romance",2017,7.4,"london, england, husband wife relationship, obsession, dressmaker, fashion designer, muse, doctor, wedding, fashion, fashion show, haute couture, fictional biography, 1950s, calm, fashion industry, brother sister relationship, romantic",English,Phantom Thread,Paul Thomas Anderson,Daniel Day-Lewis,Lesley Manville,Vicky Krieps
